{"data": {"tiles": [[[0, 0], null, 0, 2.108, "platform"], [[0, 1], null, 2.108, 2.4609411764705884, "platform"], [[0, 2], null, 2.4609411764705884, 2.8138823529411767, "platform"], [[1, 2], null, 2.8138823529411767, 3.166823529411765, "platform"], [[2, 2], null, 3.166823529411765, 3.519764705882353, "platform"]], "appearLength": 1, "disappearLength": 1, "songPath": "Song.MP3", "timingPoints": [[2.108, 170, 4, 4]]}, "signature": "4dcf5b3837d2e4a213b11702fd5c3755ca7eee878c9fdadb0c9e604cee954a33"}